,testR2,time,trainR2
16,-1.13192999093,0.0270130634308,0.825358370179
32,-2.03387395646,0.0294079780579,0.787336910892
64,-0.40982831909,0.0407230854034,0.844922569153
128,0.0580916189347,0.0763058662415,0.838090296648
256,-0.721692133944,0.0413069725037,0.795086157486
512,-0.00465556137293,0.0408351421356,0.76593801272
1024,-0.594508462035,0.0668878555298,0.6839806689
2048,-0.322938445137,0.152469158173,0.554210352097
