,testR2,time,trainR2
16,-1.13192999093,0.0252709388733,0.825358370179
32,-2.03387395646,0.0247721672058,0.787336910892
64,-0.40982831909,0.0325729846954,0.844922569153
128,0.0580916189347,0.0867910385132,0.838090296648
256,-0.721692133944,0.0379951000214,0.795086157486
512,-0.00465556137293,0.0437841415405,0.76593801272
1024,-0.594508462035,0.0675120353699,0.6839806689
2048,-0.322938445137,0.130485057831,0.554210352097
