params,mean_fit_time,mean_score_time,mean_test_score,mean_train_score,param_bootstrap_features,rank_test_score,split0_test_score,split0_train_score,split1_test_score,split1_train_score,split2_test_score,split2_train_score,std_fit_time,std_score_time,std_test_score,std_train_score
{'bootstrap_features': False},0.411320924759,0.0204644203186,0.507866666667,0.57604997596,False,2,0.505749425057,0.575578778939,0.5085,0.57555,0.509350935094,0.577021148943,0.0175501263742,0.000836674716432,0.00153699966076,0.000686823498741
{'bootstrap_features': True},0.482844352722,0.0204020341237,0.509,0.576299988461,True,1,0.509649035096,0.576278813941,0.5131,0.57565,0.504250425043,0.576971151442,0.0538455848919,0.0011475204576,0.00364177132322,0.000539565599157
