params,mean_fit_time,mean_score_time,mean_test_score,mean_train_score,param_bootstrap,rank_test_score,split0_test_score,split0_train_score,split1_test_score,split1_train_score,split2_test_score,split2_train_score,std_fit_time,std_score_time,std_test_score,std_train_score
{'bootstrap': True},0.424904505412,0.0207987626394,0.510766666667,0.576616644295,True,1,0.507149285071,0.576328816441,0.513,0.57585,0.512151215122,0.577671116444,0.0239903223539,0.00110206826985,0.00258142845819,0.000770822042171
{'bootstrap': False},0.630904595057,0.0208578109741,0.506866666667,0.579149977632,False,2,0.505749425057,0.578778938947,0.5097,0.57855,0.505150515052,0.58012099395,0.0410237041983,0.000460639791129,0.00201833374037,0.000692944335214
