params	mean_fit_time	mean_score_time	mean_test_score	mean_train_score	param_max_features	rank_test_score	split0_test_score	split0_train_score	split1_test_score	split1_train_score	split2_test_score	split2_train_score	std_fit_time	std_score_time	std_test_score	std_train_score
{'max_features': 'auto'}	0.239195346832	0.0499522686005	0.38779	0.392250000212	auto	1	0.388870556472	0.39218480462	0.386613866139	0.39248803756	0.387885515421	0.392077158457	0.00164931960179	0.00469927812352	0.000923771351075	0.000173960260294
{'max_features': 'sqrt'}	0.262351989746	0.0487757523855	0.38763	0.392274997387	sqrt	2	0.387730613469	0.39197479937	0.387183871839	0.392653036735	0.387975519021	0.392197156057	0.00998405119584	0.00153958503264	0.000330923224087	0.000282307084923
{'max_features': 'log2'}	0.247075001399	0.0450750192006	0.38687	0.392204998862	log2	3	0.389110544473	0.39197479937	0.383613836138	0.39266803666	0.387885515421	0.391972160557	0.00954589841466	0.000526635082597	0.00235612803295	0.000327418938927
