params,mean_fit_time,mean_score_time,mean_test_score,mean_train_score,param_max_features,rank_test_score,split0_test_score,split0_train_score,split1_test_score,split1_train_score,split2_test_score,split2_train_score,split3_test_score,split3_train_score,split4_test_score,split4_train_score,split5_test_score,split5_train_score,split6_test_score,split6_train_score,split7_test_score,split7_train_score,std_fit_time,std_score_time,std_test_score,std_train_score
{'max_features': 'auto'},0.105750799179,0.00716054439545,-0.386096022434,0.572783936703,auto,3,-0.596364162866,0.582120595754,-0.886657960251,0.590588504082,-0.210044103723,0.55896431132,-0.29607684627,0.568468843963,-0.52788514368,0.589982867094,-0.25744245769,0.554752925888,-0.256691991632,0.577138420597,-0.0553045357715,0.560255024926,0.00386646724964,0.000584211890491,0.249170372633,0.0132789006077
{'max_features': 'sqrt'},0.0514818131924,0.0079859495163,-0.380529290463,0.572994658082,sqrt,1,-0.537166403394,0.58030041683,-0.911734751374,0.594127766458,-0.200260395408,0.54848144355,-0.282587921251,0.5713607309,-0.420211839842,0.584265012219,-0.237653871129,0.558601852937,-0.287992293922,0.584366738064,-0.165086950703,0.562453303696,0.00329633191365,0.00211439561746,0.230767210466,0.0144834727491
{'max_features': 'log2'},0.0532594025135,0.00767466425896,-0.380529290463,0.572994658082,log2,1,-0.537166403394,0.58030041683,-0.911734751374,0.594127766458,-0.200260395408,0.54848144355,-0.282587921251,0.5713607309,-0.420211839842,0.584265012219,-0.237653871129,0.558601852937,-0.287992293922,0.584366738064,-0.165086950703,0.562453303696,0.0113972074507,0.00120148115857,0.230767210466,0.0144834727491
