	mean_fit_time	mean_score_time	mean_test_score	mean_train_score	param_oob_score	params	rank_test_score	split0_test_score	split0_train_score	split1_test_score	split1_train_score	split2_test_score	split2_train_score	std_fit_time	std_score_time	std_test_score	std_train_score
True	0.217351277669	0.0330456097921	0.397746751021	0.400582786508	True	{u'oob_score': True}	2	0.398915533118	0.400247773544	0.396381655837	0.401070518664	0.397942964002	0.400430067315	0.00832985514244	0.00230925662115	0.00104372904899	0.000352816993981
False	0.192778110504	0.0354552268982	0.397964907907	0.400497084141	False	{u'oob_score': False}	1	0.399055765905	0.400224398682	0.396381655837	0.401070518664	0.398457223001	0.400196335079	0.048914176783	0.00461167322927	0.00114587244611	0.000405641266157
