params,mean_fit_time,mean_score_time,mean_test_score,mean_train_score,param_min_weight_fraction_leaf,rank_test_score,split0_test_score,split0_train_score,split1_test_score,split1_train_score,split2_test_score,split2_train_score,std_fit_time,std_score_time,std_test_score,std_train_score
{'min_weight_fraction_leaf': 0.10000000000000001},0.0503549575806,0.00670266151428,0.0464005029343,0.105323561931,0.10000000000000001,2,0.0161112084168,0.113482921496,0.0697457868331,0.109134075169,0.0533575662045,0.0933536891275,0.00408001138885,7.89529163433e-05,0.0224477093608,0.00864817927998
{'min_weight_fraction_leaf': 0.20000000000000001},0.0433296362559,0.00776068369548,0.0496151681501,0.072040093456,0.20000000000000001,1,0.03058268662,0.0804100331985,0.0658303370738,0.0683688257449,0.0524377764569,0.0673414214245,0.00296931182472,0.000810899321261,0.0145317516854,0.00593328511478
{'min_weight_fraction_leaf': 0.30000000000000004},0.0431307156881,0.00743500391642,0.0427575867901,0.0594051633282,0.30000000000000004,3,0.0274370087162,0.0643119373354,0.0557137500756,0.0574838169354,0.0451264459673,0.0564197357138,0.00214103425178,0.000324494683508,0.011668171509,0.0034967023112
{'min_weight_fraction_leaf': 0.40000000000000002},0.0414699713389,0.00998036066691,0.0125561035404,0.0356704877591,0.40000000000000002,4,-0.013814858209,0.0403808052908,0.0251212981084,0.0352779302102,0.0263878214119,0.0313527277763,0.00143909686514,0.00349875392076,0.0186629999365,0.00369613509618
