params	mean_fit_time	mean_score_time	mean_test_score	mean_train_score	param_min_weight_fraction_leaf	rank_test_score	split0_test_score	split0_train_score	split1_test_score	split1_train_score	split2_test_score	split2_train_score	std_fit_time	std_score_time	std_test_score	std_train_score
{'min_weight_fraction_leaf': 0.10000000000000001}	0.187708377838	0.0345680713654	0.3889	0.388900000011	0.10000000000000001	1	0.388900554972	0.388899722493	0.388893888939	0.388903055485	0.388905556222	0.388897222056	0.00889794468815	0.000972721389337	4.77922848939e-06	2.38955869762e-06
{'min_weight_fraction_leaf': 0.20000000000000001}	0.165944258372	0.0327192942301	0.3889	0.388900000011	0.20000000000000001	1	0.388900554972	0.388899722493	0.388893888939	0.388903055485	0.388905556222	0.388897222056	0.0060109561375	0.00242817124836	4.77922848939e-06	2.38955869762e-06
{'min_weight_fraction_leaf': 0.30000000000000004}	0.148895978928	0.0272520383199	0.3889	0.388900000011	0.30000000000000004	1	0.388900554972	0.388899722493	0.388893888939	0.388903055485	0.388905556222	0.388897222056	0.00433746924893	0.000281876061424	4.77922848939e-06	2.38955869762e-06
{'min_weight_fraction_leaf': 0.40000000000000002}	0.154703696569	0.0275513331095	0.3889	0.388900000011	0.40000000000000002	1	0.388900554972	0.388899722493	0.388893888939	0.388903055485	0.388905556222	0.388897222056	0.0117398759387	0.00131795566955	4.77922848939e-06	2.38955869762e-06
