params,mean_fit_time,mean_score_time,mean_test_score,mean_train_score,param_learning_rate,rank_test_score,split0_test_score,split0_train_score,split1_test_score,split1_train_score,split2_test_score,split2_train_score,split3_test_score,split3_train_score,split4_test_score,split4_train_score,split5_test_score,split5_train_score,split6_test_score,split6_train_score,split7_test_score,split7_train_score,std_fit_time,std_score_time,std_test_score,std_train_score
{'learning_rate': 'constant'},0.0302310585976,0.00210779905319,-2.73420998334e+33,-2.74215565069e+33,constant,2,-4.05546962349e+33,-4.68012779503e+33,-6.76765239372e+32,-7.06527596824e+32,-1.06610096278e+33,-9.69331711996e+32,-3.35112010285e+33,-3.10133486662e+33,-5.96951261234e+33,-6.15468982656e+33,-2.4747992654e+32,-2.39601454386e+32,-4.3193514025e+32,-4.47582943007e+32,-6.0752962591e+33,-5.63804901111e+33,0.0188177966771,0.000663002199577,2.29826859133e+33,2.31113774215e+33
{'learning_rate': 'optimal'},0.024699151516,0.00297349691391,-1.99545811069e+36,-1.97043387636e+36,optimal,3,-1.41467305345e+34,-1.60511164428e+34,-2.76488103589e+36,-2.88380731955e+36,-2.41977503667e+36,-2.16768976196e+36,-2.75000627514e+36,-2.6777071755e+36,-9.22795999692e+34,-9.51282620981e+34,-5.79847755406e+35,-5.59324571615e+35,-5.05823800054e+36,-5.2420558144e+36,-2.28449045138e+36,-2.12170698934e+36,0.00446532716367,0.000987521435208,1.59519574341e+36,1.6365895446e+36
{'learning_rate': 'invscaling'},0.0278347730637,0.00282856822014,-2.32904741665e+31,-2.30459136822e+31,invscaling,1,-1.09343245237e+31,-1.26249534332e+31,-3.31637392668e+28,-3.32186183088e+28,-1.15293567794e+31,-9.97301778356e+30,-1.30681297827e+30,-1.21738629964e+30,-1.94977068342e+31,-2.02538286625e+31,-9.17660600568e+31,-8.93346278241e+31,-3.03429094621e+31,-3.14774280724e+31,-2.09134589579e+31,-1.94528487643e+31,0.00504589450734,0.0013050359017,2.75541742657e+31,2.68597181511e+31
