{"classifierType": "<class 'sklearn.naive_bayes.GaussianNB'>", "trainAccuracy": 0.5359307542091096, "recall": 0.9409049370855496, "precision": 0.5401787816214108, "logLoss": 0.6908976895202404, "testAccuracy": 0.5350809414029843, "rocAuc": 0.49923048833929523}