params,mean_fit_time,mean_score_time,mean_test_score,mean_train_score,param_max_features,rank_test_score,split0_test_score,split0_train_score,split1_test_score,split1_train_score,split2_test_score,split2_train_score,split3_test_score,split3_train_score,split4_test_score,split4_train_score,split5_test_score,split5_train_score,split6_test_score,split6_train_score,split7_test_score,split7_train_score,std_fit_time,std_score_time,std_test_score,std_train_score
{'max_features': 10},0.446479529142,0.00482073426247,-0.167377992264,0.789243333924,10,2,-0.267964977639,0.789214473904,-0.101944336546,0.795042784864,-0.197140763699,0.799229328557,-0.116358727176,0.796892277279,-0.107047992753,0.787544536399,-0.154266159258,0.777547916919,-0.224842848009,0.785692343509,-0.169458133029,0.78278300996,0.0178719236529,7.81991984414e-05,0.055908696258,0.00694509627325
{'max_features': 5},0.243844389915,0.00502690672874,-0.140092615893,0.773724063908,5,1,-0.237464167133,0.772603945645,-0.0921264032627,0.779585847249,-0.122095411817,0.774529943792,-0.0784018331655,0.782488087007,-0.108561372629,0.768556832186,-0.12498127356,0.768424097275,-0.18107913421,0.772249023222,-0.176031331363,0.771354734891,0.0178548760067,0.000780073856326,0.0501319340532,0.00468577777866
