params,mean_fit_time,mean_score_time,mean_test_score,mean_train_score,param_max_samples,rank_test_score,split0_test_score,split0_train_score,split1_test_score,split1_train_score,split2_test_score,split2_train_score,split3_test_score,split3_train_score,split4_test_score,split4_train_score,split5_test_score,split5_train_score,split6_test_score,split6_train_score,split7_test_score,split7_train_score,std_fit_time,std_score_time,std_test_score,std_train_score
{'max_samples': 100},0.024091899395,0.00281661748886,-0.130310438006,-0.107188755201,100,3,-0.120418817957,-0.0646526623719,-0.1251435354,-0.0992467180987,-0.125383622717,-0.120938313232,-0.128261544825,-0.11539690935,-0.074232936066,-0.0962767221372,-0.131801500974,-0.092660886872,-0.182898724507,-0.162089685355,-0.154342821605,-0.106248144194,0.00146242472194,0.00028567005204,0.0288162396337,0.0261580474991
{'max_samples': 500},0.0496860146523,0.00315555930138,-0.128504169468,-0.00933911819469,500,2,-0.158536471807,0.00524465424337,-0.137938982108,-0.024622284757,-0.112565791902,-0.010218731923,-0.113097464995,-0.0236495793421,-0.0718246598175,0.0138218308074,-0.10877219713,-0.00877056529403,-0.18456205818,-0.0081276268603,-0.140735729801,-0.0183906424319,0.00124048685943,8.6714326708e-05,0.032358091718,0.012609397441
{'max_samples': 1000},0.0859657227993,0.00342711806297,-0.117335955436,0.090727492107,1000,1,-0.152539602945,0.0906768166132,-0.150997907065,0.0923177219965,-0.154219333972,0.0997241839151,-0.0995240781458,0.0909997153385,-0.0751249832164,0.0862971162273,-0.0887067440283,0.0727801258933,-0.117246761669,0.0949467634037,-0.100328232449,0.0980774934686,0.00226957927609,7.08481315092e-05,0.0294549208295,0.00788278918611
