,testR2,time,trainR2
16,-1.20199471498,0.0168359279633,0.741748850567
32,-1.27861165561,0.0128500461578,0.796916462648
64,-6.08799875734,0.0132617950439,0.636627158589
128,-0.578612401248,0.0144538879395,0.74554810128
256,-1.0373996693,0.0171639919281,0.784113656211
512,-0.188361782533,0.0241329669952,0.738019169756
1024,-0.16015312067,0.0443298816681,0.823742559483
2048,-0.321572255585,0.0909199714661,0.798829163538
4096,-0.164696887945,0.166141986847,0.778040867179
8192,-0.335730258426,0.418751001358,0.794959186663
16384,-0.190559733373,0.846554994583,0.768799640944
32768,-0.190495819824,1.81282901764,0.74383717119
65536,-0.192888779921,3.67847704887,0.694108260143
131072,-0.282368241609,7.42409086227,0.596329412913
