,testR2,time,trainR2
16,-0.386159505989,0.00744104385376,0.186979189304
32,-0.89281355388,0.00168609619141,0.217892305091
64,-0.0265052041004,0.000338077545166,0.264141985627
128,-0.341800798548,0.000447988510132,0.109751427338
256,-0.218563360144,0.000684976577759,0.199621396338
512,-0.249170790307,0.00114107131958,0.14013015195
1024,-0.26216835344,0.00119209289551,0.224019923637
2048,-0.328157845345,0.00246214866638,0.192150845589
4096,-0.158021770322,0.00400114059448,0.210113190938
8192,-0.208157855574,0.00913119316101,0.207859356247
16384,-0.197949827703,0.0201330184937,0.204030176352
32768,-0.169929805115,0.0451638698578,0.21390701625
65536,-0.166333408145,0.116566181183,0.203747199016
