params,mean_fit_time,mean_score_time,mean_test_score,mean_train_score,param_weights,rank_test_score,split0_test_score,split0_train_score,split1_test_score,split1_train_score,split2_test_score,split2_train_score,split3_test_score,split3_train_score,split4_test_score,split4_train_score,split5_test_score,split5_train_score,split6_test_score,split6_train_score,split7_test_score,split7_train_score,std_fit_time,std_score_time,std_test_score,std_train_score
{'weights': 'uniform'},0.00271025300026,0.00208950042725,-0.246489171061,0.182973924574,uniform,1,-0.166828580966,0.175086578291,-0.33252649515,0.191055143256,-0.174689144228,0.183898882362,-0.161609974739,0.176407117152,-0.26683076964,0.167244304716,-0.280703666231,0.182184022189,-0.340980073861,0.193527239201,-0.248225801335,0.194388109421,0.00114275803226,0.000475853815019,0.0676618753825,0.00909117556586
{'weights': 'distance'},0.00275099277496,0.00251683592796,-0.262235820346,0.993560469843,distance,2,-0.186447837245,0.991488993204,-0.424528579654,0.994859859514,-0.214805052727,0.999584355878,-0.146026083858,0.993480573985,-0.217720024892,0.994078719762,-0.28693577964,0.991434288141,-0.354738312325,0.991609759492,-0.267172086211,0.991947208768,0.00113994290002,0.000947176740131,0.0859075492436,0.00258529807456
