params,mean_fit_time,mean_score_time,mean_test_score,mean_train_score,param_algorithm,rank_test_score,split0_test_score,split0_train_score,split1_test_score,split1_train_score,split2_test_score,split2_train_score,split3_test_score,split3_train_score,split4_test_score,split4_train_score,split5_test_score,split5_train_score,split6_test_score,split6_train_score,split7_test_score,split7_train_score,std_fit_time,std_score_time,std_test_score,std_train_score
{'algorithm': 'ball_tree'},0.00307050347328,0.00427111983299,-0.246787704977,0.183149653004,ball_tree,3,-0.166828580966,0.175086013663,-0.33252649515,0.190885322415,-0.174689144228,0.183875261687,-0.161609988764,0.177291240003,-0.26683076964,0.167105536953,-0.283088938197,0.182529169942,-0.340980073861,0.193933389231,-0.248225801335,0.194491290134,0.00153717865678,0.000793983438393,0.0678172566133,0.00909966160347
{'algorithm': 'kd_tree'},0.00220307707787,0.00191095471382,-0.246489171061,0.182973924574,kd_tree,2,-0.166828580966,0.175086578291,-0.33252649515,0.191055143256,-0.174689144228,0.183898882362,-0.161609974739,0.176407117152,-0.26683076964,0.167244304716,-0.280703666231,0.182184022189,-0.340980073861,0.193527239201,-0.248225801335,0.194388109421,0.000338842857924,0.000296765114189,0.0676618753825,0.00909117556586
{'algorithm': 'brute'},0.00172662734985,0.0174279212952,-0.246163276958,0.183085857145,brute,1,-0.162021264118,0.174981787353,-0.331687037411,0.191243576156,-0.174710103166,0.18386742347,-0.161609974739,0.176297046909,-0.26683076964,0.167250059064,-0.283725588,0.182527304851,-0.340980073861,0.194002754284,-0.248225801335,0.194516905075,0.000257431322236,0.0337575889721,0.0684502029236,0.00921856210625
