,explained_variance,neg_mean_absolute_error,neg_mean_squared_error,neg_median_absolute_error,r2,time
16,-0.982913840873,0.126139327745,0.0220446616485,0.0925436535411,-6.12683446239,0.0334799289703
32,-0.892202665549,0.0421428691739,0.00345939071634,0.0189225650807,-0.956173543608,0.0287630558014
64,-0.145087793275,0.0653297904439,0.00803338627067,0.0456000443292,-0.155027313127,0.0282900333405
128,-0.402223430214,0.0614677600235,0.00829684127611,0.0432397302051,-0.498596933831,0.0287737846375
256,-0.544575761786,0.08122493935,0.0104721568889,0.0642091412587,-0.545931121609,0.0478980541229
512,-0.388753507994,0.0785220443855,0.0109054085972,0.0569864083006,-0.428315431084,0.0535581111908
1024,-0.268872464646,0.0757137539253,0.0109386195522,0.0498092638056,-0.271735240829,0.0852751731873
2048,-0.260653438161,0.0818828734318,0.014077146111,0.0596286042317,-0.26270699002,0.162401914597
4096,-0.115816330872,0.0750141445881,0.0116756086739,0.0548670777747,-0.119053351046,0.298993110657
8192,-0.173017111313,0.0802708121173,0.0129927895591,0.060016141567,-0.173687634588,0.649224996567
16384,-0.286974732029,0.080147228705,0.0130365218775,0.0585372104431,-0.287279183904,1.42222309113
