params,mean_fit_time,mean_score_time,mean_test_score,mean_train_score,param_max_features,rank_test_score,split0_test_score,split0_train_score,split1_test_score,split1_train_score,split2_test_score,split2_train_score,split3_test_score,split3_train_score,split4_test_score,split4_train_score,split5_test_score,split5_train_score,split6_test_score,split6_train_score,split7_test_score,split7_train_score,std_fit_time,std_score_time,std_test_score,std_train_score
{'max_features': 'auto'},0.863801121712,0.012605369091,-0.240186721771,0.674085023892,auto,1,-0.228112434698,0.685885696823,-0.305775631707,0.67726188261,-0.163908300429,0.666525955096,-0.187581855477,0.668855788773,-0.320713874853,0.678886712998,-0.247387315243,0.673254765298,-0.174487722635,0.669480944014,-0.293526639127,0.672528445522,0.0233596844321,0.000619703902157,0.0578049946328,0.00592873056883
{'max_features': 'sqrt'},0.245775938034,0.0118677616119,-0.242365283297,0.679810254672,sqrt,2,-0.271420405676,0.689346588642,-0.294587735498,0.685500079448,-0.144767944945,0.673557634985,-0.196558196116,0.675658550694,-0.351463172312,0.683073127781,-0.208398532003,0.678197149453,-0.181697276252,0.672493792513,-0.290029003574,0.680655113856,0.00616639219546,0.000460711054846,0.0653867735384,0.00555810810208
{'max_features': 'log2'},0.245539426804,0.0132138133049,-0.242365283297,0.679810254672,log2,2,-0.271420405676,0.689346588642,-0.294587735498,0.685500079448,-0.144767944945,0.673557634985,-0.196558196116,0.675658550694,-0.351463172312,0.683073127781,-0.208398532003,0.678197149453,-0.181697276252,0.672493792513,-0.290029003574,0.680655113856,0.00950356106638,0.000954650146825,0.0653867735384,0.00555810810208
