params,mean_fit_time,mean_score_time,mean_test_score,mean_train_score,param_min_weight_fraction_leaf,rank_test_score,split0_test_score,split0_train_score,split1_test_score,split1_train_score,split2_test_score,split2_train_score,split3_test_score,split3_train_score,split4_test_score,split4_train_score,split5_test_score,split5_train_score,split6_test_score,split6_train_score,split7_test_score,split7_train_score,std_fit_time,std_score_time,std_test_score,std_train_score
{'min_weight_fraction_leaf': 0.10000000000000001},0.50820094347,0.0115795731544,0.00337722242682,0.00655363600848,0.10000000000000001,1,0.00158110248178,0.00693674575437,0.00387082176071,0.00660224607348,0.00394958417609,0.00671769376442,0.00371017137649,0.00649940439633,0.00329248645433,0.00665455044844,0.00386369558594,0.00642284155302,0.00174118295956,0.00660826505866,0.00500873461968,0.00598734101911,0.0409090615256,0.00382727015583,0.00108917592862,0.000257380383076
{'min_weight_fraction_leaf': 0.20000000000000001},0.359727650881,0.00998446345329,0.00283169404773,0.00415973906529,0.20000000000000001,2,0.00271375563914,0.00421112813293,0.00197238214009,0.00407846931849,0.00323847488506,0.00394109172495,0.00245048851053,0.00409836989207,0.00283528132802,0.00448213298456,0.00352966881872,0.00399549860334,0.00199024666821,0.00444625010398,0.00392325439209,0.00402497176201,0.00547071813071,0.000719235133199,0.000656680483706,0.000191043847299
{'min_weight_fraction_leaf': 0.30000000000000004},0.263723582029,0.0097248852253,0.00117570765579,0.0020154935915,0.30000000000000004,3,6.65524699173e-06,0.00180831691273,0.00238568146794,0.00248023764825,0.00178770917636,0.00211631845139,-0.000284890840657,0.00177445400072,0.000812817810836,0.00196708521361,0.00174811253801,0.00198103620841,0.000982742918586,0.00200812299423,0.00196683292826,0.00198837730264,0.00880454711368,0.000785431511733,0.000898684105019,0.000203560572168
{'min_weight_fraction_leaf': 0.40000000000000002},0.2552254498,0.0102983117104,0.0011329309617,0.00187201891104,0.40000000000000002,4,-5.94291106231e-05,0.00171610205674,0.0023872120271,0.00192774860769,0.00143723501124,0.00157847477522,-0.000284890840657,0.00177445400072,0.000812817810836,0.00196708521361,0.0018209269489,0.00201578633747,0.000982742918586,0.00200812299423,0.00196683292826,0.00198837730264,0.00356358609378,0.00227233518508,0.000893834646116,0.000152016942924
