,testR2,time,trainR2
16,-1.49374677338,0.0349290370941,0.762726402886
32,-1.40183334505,0.0252668857574,0.749401023702
64,-5.57376640715,0.0243709087372,0.625062907414
128,-0.541457619569,0.0262699127197,0.733024457325
256,-1.24618342096,0.0342919826508,0.790848596296
512,-0.17867352814,0.04953789711,0.722885240315
1024,-0.185488997169,0.0794529914856,0.800479813094
2048,-0.361647798305,0.131223917007,0.797032083579
4096,-0.142560375194,0.258968830109,0.78053106969
8192,-0.336312800835,0.582701921463,0.796087760764
16384,-0.200228503294,1.27792811394,0.772119030211
32768,-0.185424524457,2.73664402962,0.742814310004
65536,-0.197555632954,5.4929049015,0.693704035108
131072,-0.283075244629,11.2228279114,0.596293210011
