params,mean_fit_time,mean_score_time,mean_test_score,mean_train_score,param_max_features,rank_test_score,split0_test_score,split0_train_score,split1_test_score,split1_train_score,split2_test_score,split2_train_score,split3_test_score,split3_train_score,split4_test_score,split4_train_score,split5_test_score,split5_train_score,split6_test_score,split6_train_score,split7_test_score,split7_train_score,std_fit_time,std_score_time,std_test_score,std_train_score
{'max_features': 'auto'},2.56585863233,0.0293047726154,-0.178128918691,0.745859572539,auto,3,-0.17353667785,0.744855279163,-0.181184363126,0.744216048355,-0.183254271629,0.745341923752,-0.155277945991,0.745407116356,-0.186952244479,0.747986510174,-0.170104346357,0.74639274525,-0.171812665506,0.747222019643,-0.202908834588,0.745454937617,0.0586421896815,0.00490818898595,0.0131103238802,0.00117316783574
{'max_features': 'sqrt'},0.735388368368,0.0253504812717,-0.162645318813,0.748501096198,sqrt,1,-0.158888145335,0.746863688203,-0.145816616239,0.74491079792,-0.170875799432,0.747880723864,-0.152057295909,0.749196709037,-0.166840679075,0.750871139236,-0.16998116739,0.750535424159,-0.138241333031,0.749244742802,-0.198461514096,0.74850554436,0.0504336825459,0.000916793966066,0.0174174435258,0.00182854826428
{'max_features': 'log2'},0.704047828913,0.0268699228764,-0.162645318813,0.748501096198,log2,1,-0.158888145335,0.746863688203,-0.145816616239,0.74491079792,-0.170875799432,0.747880723864,-0.152057295909,0.749196709037,-0.166840679075,0.750871139236,-0.16998116739,0.750535424159,-0.138241333031,0.749244742802,-0.198461514096,0.74850554436,0.01230936456,0.00213302314368,0.0174174435258,0.00182854826428
