params,mean_fit_time,mean_score_time,mean_test_score,mean_train_score,param_min_weight_fraction_leaf,rank_test_score,split0_test_score,split0_train_score,split1_test_score,split1_train_score,split2_test_score,split2_train_score,split3_test_score,split3_train_score,split4_test_score,split4_train_score,split5_test_score,split5_train_score,split6_test_score,split6_train_score,split7_test_score,split7_train_score,std_fit_time,std_score_time,std_test_score,std_train_score
{'min_weight_fraction_leaf': 0.10000000000000001},0.20269215107,0.00757858157158,-0.00161517145558,0.00723110912155,0.10000000000000001,4,0.00114910391986,0.00709915546304,-0.00301527792652,0.00710762830387,0.000992886686632,0.00779273640598,0.00278404081554,0.00703591084377,-0.000835928118213,0.00702731408609,-0.00453041091955,0.00742790897021,-0.00259292786422,0.0070510307161,-0.00687285823821,0.00730718818331,0.00929758926382,0.000737938495377,0.00303029849129,0.000251163718331
{'min_weight_fraction_leaf': 0.20000000000000001},0.149209648371,0.00759848952293,-0.00145892628895,0.00301559875372,0.20000000000000001,3,-0.00119469019104,0.00275364534107,-0.00403313719149,0.00332692612116,0.00139771010927,0.00301528973292,0.000265467280747,0.00330039074267,-0.000746652447138,0.0026348430888,-0.00273882632068,0.00309320844336,-0.00089786023852,0.00311588874824,-0.00372342131275,0.00288459781151,0.0027683005575,0.000809319363948,0.00178250168737,0.000230452913502
{'min_weight_fraction_leaf': 0.30000000000000004},0.125931501389,0.00755199790001,-0.000851080740996,0.00169714587579,0.30000000000000004,1,-0.000954877728673,0.0016915860244,-0.00130026848814,0.00177988813169,0.00041769966163,0.0014710488484,0.000920663629468,0.00166459640368,-0.000490880721854,0.00129464434191,-0.00201062839913,0.00176535598784,-0.000424712165793,0.00186632699297,-0.00296564171548,0.00204372027541,0.00315353161222,0.00060894746807,0.00117733164259,0.000216348300152
{'min_weight_fraction_leaf': 0.40000000000000002},0.109442144632,0.00732061266899,-0.00103275251125,0.00079356396035,0.40000000000000002,2,-0.00157533759362,0.000882349929529,-0.00140838816967,0.00113476217419,-0.000506379583576,0.000792815584428,0.000376292824563,0.000838161175955,-0.000918639119796,0.000576145291711,-0.00134481014101,0.00066137673335,-0.00126988978681,0.000781598050113,-0.00161486852012,0.00068130274352,0.00259321503786,0.000400832411649,0.00063279863528,0.000159600573866
