params,mean_fit_time,mean_score_time,mean_test_score,mean_train_score,param_shuffle,rank_test_score,split0_test_score,split0_train_score,split1_test_score,split1_train_score,split2_test_score,split2_train_score,split3_test_score,split3_train_score,split4_test_score,split4_train_score,split5_test_score,split5_train_score,split6_test_score,split6_train_score,split7_test_score,split7_train_score,std_fit_time,std_score_time,std_test_score,std_train_score
{'shuffle': True},0.144284188747,0.00851491093636,-1.39426885137e+30,-1.38491872034e+30,True,2,-2.92713879988e+30,-2.97759456886e+30,-3.40248880098e+29,-3.81315965007e+29,-1.50740937985e+30,-1.57234275497e+30,-1.16890619582e+30,-9.88992329307e+29,-1.13095989134e+30,-1.18855396324e+30,-9.78253431156e+29,-9.66648222148e+29,-1.57497070551e+30,-1.43913498823e+30,-1.52626352726e+30,-1.56476697095e+30,0.0109079047983,0.00159483314083,6.90716446655e+29,7.05736711644e+29
{'shuffle': False},0.100865900517,0.00945299863815,-7.22077337421e+29,-7.16808518081e+29,False,1,-6.67298317155e+29,-6.7882517416e+29,-7.77254492289e+29,-8.70783381063e+29,-5.12786559827e+29,-5.39017165121e+29,-7.49537554695e+29,-6.34901634235e+29,-9.1827473438e+29,-9.65125741345e+29,-7.65714611028e+29,-7.60065460796e+29,-1.20489439783e+30,-1.09991864873e+30,-1.80858032167e+29,-1.85830939195e+29,0.00677771029172,0.00316920001035,2.77720685451e+29,2.63560397158e+29
