,testR2,time,trainR2
16,-1.68404315623e+32,0.00189208984375,-9.84737480812e+31
32,-8.78981082585e+28,0.000943899154663,-2.76853191975e+27
64,-1.84864378112e+30,0.00117492675781,-1.07326361286e+30
128,-2.23736460863e+30,0.00117897987366,-3.15867695929e+30
256,-2.91737311776e+31,0.00127792358398,-1.37493106762e+31
512,-1.56368838101e+31,0.00152206420898,-1.43220075328e+31
1024,-2.00503639451e+30,0.00221395492554,-2.53285072056e+30
2048,-3.38845324391e+29,0.00338792800903,-2.72899317197e+29
4096,-7.8772836899e+30,0.0096960067749,-9.68349999519e+30
8192,-1.74769866474e+30,0.0130500793457,-1.66154813778e+30
16384,-2.22434337591e+30,0.0361268520355,-2.18196669222e+30
32768,-2.20909013838e+30,0.0521528720856,-1.97711437766e+30
65536,-2.72346764424e+29,0.138433933258,-2.71125696402e+29
131072,-1.40161872945e+30,0.883579969406,-1.44062712085e+30
