params,mean_fit_time,mean_score_time,mean_test_score,mean_train_score,param_penalty,rank_test_score,split0_test_score,split0_train_score,split1_test_score,split1_train_score,split2_test_score,split2_train_score,split3_test_score,split3_train_score,split4_test_score,split4_train_score,split5_test_score,split5_train_score,split6_test_score,split6_train_score,split7_test_score,split7_train_score,std_fit_time,std_score_time,std_test_score,std_train_score
{'penalty': 'none'},0.146831482649,0.00990533828735,-8.90673400322e+29,-8.84745338287e+29,none,1,-1.71024164185e+30,-1.74187964081e+30,-3.72734598885e+29,-4.16987994273e+29,-5.574106207e+29,-5.79837108745e+29,-3.49203379194e+29,-2.95345057236e+29,-1.64099625658e+29,-1.72111719041e+29,-7.62825677416e+29,-7.55489912006e+29,-1.60467123473e+30,-1.47019026644e+30,-1.60420042413e+30,-1.64612100775e+30,0.01835974436,0.00348111220655,6.02844795548e+29,5.95905841937e+29
{'penalty': 'l2'},0.134717792273,0.00802853703499,-1.39426885137e+30,-1.38491872034e+30,l2,4,-2.92713879988e+30,-2.97759456886e+30,-3.40248880098e+29,-3.81315965007e+29,-1.50740937985e+30,-1.57234275497e+30,-1.16890619582e+30,-9.88992329307e+29,-1.13095989134e+30,-1.18855396324e+30,-9.78253431156e+29,-9.66648222148e+29,-1.57497070551e+30,-1.43913498823e+30,-1.52626352726e+30,-1.56476697095e+30,0.00651850190839,0.000525514969734,6.90716446655e+29,7.05736711644e+29
{'penalty': 'l1'},0.146634846926,0.00882765650749,-1.12094611603e+30,-1.13829295968e+30,l1,2,-1.11499749705e+30,-1.13458450651e+30,-1.24528346176e+30,-1.39153116418e+30,-1.00971114081e+30,-1.05725291259e+30,-2.92372192032e+29,-2.47830012158e+29,-1.26658849453e+30,-1.33121354532e+30,-1.32359740839e+30,-1.3140664149e+30,-1.37777651137e+30,-1.25954181672e+30,-1.3372422223e+30,-1.37032330506e+30,0.00817997760964,0.00183469648147,3.33434445417e+29,3.53604496122e+29
{'penalty': 'elasticnet'},0.15848633647,0.00874942541122,-1.18719146007e+30,-1.16654698286e+30,elasticnet,3,-1.16686393897e+30,-1.18756352573e+30,-7.71633181546e+29,-8.63277008872e+29,-8.96422934111e+29,-9.39497948281e+29,-2.09512474954e+30,-1.77263156812e+30,-1.00465650101e+30,-1.05766212661e+30,-1.03631268845e+30,-1.02160605923e+30,-9.0766024776e+29,-8.30252621241e+29,-1.61885743921e+30,-1.65988500482e+30,0.0323616690733,0.00191203836757,4.18710478133e+29,3.35530223234e+29
