params,mean_fit_time,mean_score_time,mean_test_score,mean_train_score,param_learning_rate,rank_test_score,split0_test_score,split0_train_score,split1_test_score,split1_train_score,split2_test_score,split2_train_score,split3_test_score,split3_train_score,split4_test_score,split4_train_score,split5_test_score,split5_train_score,split6_test_score,split6_train_score,split7_test_score,split7_train_score,std_fit_time,std_score_time,std_test_score,std_train_score
{'learning_rate': 'constant'},0.128722727299,0.0104482769966,-5.42233066341e+32,-5.44991876813e+32,constant,2,-2.67786155141e+32,-2.72455983483e+32,-7.31522466322e+32,-8.18441541796e+32,-1.13548494797e+33,-1.18341139457e+33,-4.56761703447e+32,-3.86692845332e+32,-3.75273529682e+32,-3.94100898061e+32,-4.42410045247e+31,-4.380954226e+31,-9.11660349748e+32,-8.35284153152e+32,-4.15134373885e+32,-4.25738655847e+32,0.0164235388814,0.00219552702375,3.35206449224e+32,3.45349705517e+32
{'learning_rate': 'optimal'},0.122993528843,0.00861608982086,-9.97737110598e+33,-1.01126484581e+34,optimal,3,-1.40095929757e+34,-1.42595182663e+34,-1.36133638262e+34,-1.52236428467e+34,-1.38504938758e+34,-1.4431896389e+34,-5.16894542685e+33,-4.37693482429e+33,-4.66374766161e+33,-4.90017061495e+33,-1.3018316024e+34,-1.28929574503e+34,-9.6751662288e+33,-8.84749618888e+33,-5.81934282889e+33,-5.96857108429e+33,0.0119061350768,0.00181623258143,3.91254010864e+33,4.3091057269e+33
{'learning_rate': 'invscaling'},0.132387548685,0.00806999206543,-1.39426885137e+30,-1.38491872034e+30,invscaling,1,-2.92713879988e+30,-2.97759456886e+30,-3.40248880098e+29,-3.81315965007e+29,-1.50740937985e+30,-1.57234275497e+30,-1.16890619582e+30,-9.88992329307e+29,-1.13095989134e+30,-1.18855396324e+30,-9.78253431156e+29,-9.66648222148e+29,-1.57497070551e+30,-1.43913498823e+30,-1.52626352726e+30,-1.56476697095e+30,0.00611265946578,0.000372308284207,6.90716446655e+29,7.05736711644e+29
