params,mean_fit_time,mean_score_time,mean_test_score,mean_train_score,param_fit_intercept,rank_test_score,split0_test_score,split0_train_score,split1_test_score,split1_train_score,split2_test_score,split2_train_score,split3_test_score,split3_train_score,split4_test_score,split4_train_score,split5_test_score,split5_train_score,split6_test_score,split6_train_score,split7_test_score,split7_train_score,std_fit_time,std_score_time,std_test_score,std_train_score
{'fit_intercept': True},0.160510659218,0.00961893796921,-1.39426885137e+30,-1.38491872034e+30,True,2,-2.92713879988e+30,-2.97759456886e+30,-3.40248880098e+29,-3.81315965007e+29,-1.50740937985e+30,-1.57234275497e+30,-1.16890619582e+30,-9.88992329307e+29,-1.13095989134e+30,-1.18855396324e+30,-9.78253431156e+29,-9.66648222148e+29,-1.57497070551e+30,-1.43913498823e+30,-1.52626352726e+30,-1.56476697095e+30,0.0297869569991,0.00271513887143,6.90716446655e+29,7.05736711644e+29
{'fit_intercept': False},0.132777303457,0.0079134106636,-1.1287044744e+30,-1.13566342865e+30,False,1,-1.30960905609e+30,-1.33072997261e+30,-9.12887727141e+29,-1.02260557095e+30,-1.66357559541e+30,-1.7334929277e+30,-8.30911069098e+29,-7.03262629494e+29,-3.87359416874e+29,-4.0807815178e+29,-1.09612398543e+30,-1.08631130962e+30,-9.23807678159e+29,-8.45024481586e+29,-1.90536126698e+30,-1.95580238546e+30,0.00383205084803,0.000616671725969,4.5413431625e+29,4.85298679887e+29
