params,mean_fit_time,mean_score_time,mean_test_score,mean_train_score,param_loss,rank_test_score,split0_test_score,split0_train_score,split1_test_score,split1_train_score,split2_test_score,split2_train_score,split3_test_score,split3_train_score,split4_test_score,split4_train_score,split5_test_score,split5_train_score,split6_test_score,split6_train_score,split7_test_score,split7_train_score,std_fit_time,std_score_time,std_test_score,std_train_score
{'loss': 'squared_loss'},0.166105479002,0.0115405023098,-1.39426885137e+30,-1.38491872034e+30,squared_loss,4,-2.92713879988e+30,-2.97759456886e+30,-3.40248880098e+29,-3.81315965007e+29,-1.50740937985e+30,-1.57234275497e+30,-1.16890619582e+30,-9.88992329307e+29,-1.13095989134e+30,-1.18855396324e+30,-9.78253431156e+29,-9.66648222148e+29,-1.57497070551e+30,-1.43913498823e+30,-1.52626352726e+30,-1.56476697095e+30,0.0418850274497,0.00478463844449,6.90716446655e+29,7.05736711644e+29
{'loss': 'huber'},0.151223808527,0.0105451345444,-10946.6303339,-11041.2116073,huber,1,-10510.5959429,-10701.0429196,-7991.99528826,-8945.53413529,-13556.2595679,-14131.3417783,-5007.53191166,-4233.7038353,-9746.67136659,-10271.4252011,-14668.5472773,-14541.4903527,-11363.7334124,-10402.0946711,-14727.7079044,-15103.0599652,0.0235176004297,0.00264338049433,3177.3837288,3356.90054756
{'loss': 'epsilon_insensitive'},0.142127931118,0.00962945818901,-1048105.85448,-1086248.31283,epsilon_insensitive,2,-403684.109855,-410654.483671,-2060066.5334,-2303851.01851,-2198030.16768,-2288556.45007,-808654.892928,-684444.810307,-1786727.06534,-1876426.08597,-577618.76814,-574065.373316,-108862.756891,-99643.2339212,-441202.541573,-452345.046856,0.0275387613659,0.00310207700197,777530.956684,852049.697159
{'loss': 'squared_epsilon_insensitive'},0.133801341057,0.0083082318306,-1.0727139711e+30,-1.06416737901e+30,squared_epsilon_insensitive,3,-6.2563514845e+29,-6.37192098403e+29,-8.38615342428e+29,-9.37943505385e+29,-9.981729976e+29,-1.04019762703e+30,-1.01532613696e+30,-8.58533228067e+29,-9.60712522507e+29,-1.00632332453e+30,-1.39656616969e+30,-1.38005474911e+30,-1.48032020234e+30,-1.35522031774e+30,-1.26636324885e+30,-1.29787418185e+30,0.00693261212592,0.000849665745814,2.70323605931e+29,2.45856095519e+29
